Ticker,Name,Price,% Change,20 SMA,50 SMA,200 SMA,YTD %,12M Return,RSI,ATR,Market Cap,52W High,52W Low
QQQ,Invesco QQQ Trust Series 1,N/A,N/A,N/A,N/A,N/A,N/A,N/A,N/A,N/A,Invesco,N/A,N/A
SPY,SPDR S&P 500 ETF Trust,N/A,N/A,N/A,N/A,N/A,N/A,N/A,N/A,N/A,State Street (SPDR),N/A,N/A
IWM,iShares Russell 2000 Index Fund,N/A,N/A,N/A,N/A,N/A,N/A,N/A,N/A,N/A,Blackrock (iShares),N/A,N/A
AAPL,Apple Inc,N/A,N/A,N/A,N/A,N/A,N/A,N/A,N/A,N/A,4860.15B,N/A,N/A
NVDA,NVIDIA Corp,N/A,N/A,N/A,N/A,N/A,N/A,N/A,N/A,N/A,5503.96B,N/A,N/A
MSFT,Microsoft Corp,N/A,N/A,N/A,N/A,N/A,N/A,N/A,N/A,N/A,3808.56B,N/A,N/A
GOOG,Alphabet Inc,N/A,N/A,N/A,N/A,N/A,N/A,N/A,N/A,N/A,4191.63B,N/A,N/A
AMZN,Amazon.com Inc,N/A,N/A,N/A,N/A,N/A,N/A,N/A,N/A,N/A,2687.41B,N/A,N/A
META,Meta Platforms Inc,N/A,N/A,N/A,N/A,N/A,N/A,N/A,N/A,N/A,1847.40B,N/A,N/A
BRK-B,Berkshire Hathaway Inc,N/A,N/A,N/A,N/A,N/A,N/A,N/A,N/A,N/A,958.47B,N/A,N/A
LLY,Lilly(Eli) & Co,N/A,N/A,N/A,N/A,N/A,N/A,N/A,N/A,N/A,1089.23B,N/A,N/A
TSM,Taiwan Semiconductor Manufacturing ADR,N/A,N/A,N/A,N/A,N/A,N/A,N/A,N/A,N/A,2366.02B,N/A,N/A
AVGO,Broadcom Inc,N/A,N/A,N/A,N/A,N/A,N/A,N/A,N/A,N/A,1676.45B,N/A,N/A
TSLA,Tesla Inc,N/A,N/A,N/A,N/A,N/A,N/A,N/A,N/A,N/A,1401.34B,N/A,N/A
JPM,JPMorgan Chase & Co,N/A,N/A,N/A,N/A,N/A,N/A,N/A,N/A,N/A,879.41B,N/A,N/A
WMT,Walmart Inc,N/A,N/A,N/A,N/A,N/A,N/A,N/A,N/A,N/A,824.47B,N/A,N/A
UNH,Unitedhealth Group Inc,N/A,N/A,N/A,N/A,N/A,N/A,N/A,N/A,N/A,329.49B,N/A,N/A
V,Visa Inc,N/A,N/A,N/A,N/A,N/A,N/A,N/A,N/A,N/A,670.89B,N/A,N/A
XOM,ExxonMobil Holdings Corp,N/A,N/A,N/A,N/A,N/A,N/A,N/A,N/A,N/A,669.21B,N/A,N/A
NVO,Novo Nordisk ADR,N/A,N/A,N/A,N/A,N/A,N/A,N/A,N/A,N/A,126.84B,N/A,N/A
MA,Mastercard Incorporated,N/A,N/A,N/A,N/A,N/A,N/A,N/A,N/A,N/A,483.09B,N/A,N/A
PG,Procter & Gamble Co,N/A,N/A,N/A,N/A,N/A,N/A,N/A,N/A,N/A,337.44B,N/A,N/A
JNJ,Johnson & Johnson,N/A,N/A,N/A,N/A,N/A,N/A,N/A,N/A,N/A,638.00B,N/A,N/A
COST,Costco Wholesale Corp,N/A,N/A,N/A,N/A,N/A,N/A,N/A,N/A,N/A,403.52B,N/A,N/A
ORCL,Oracle Corp,N/A,N/A,N/A,N/A,N/A,N/A,N/A,N/A,N/A,415.16B,N/A,N/A
HD,Home Depot Inc,N/A,N/A,N/A,N/A,N/A,N/A,N/A,N/A,N/A,283.83B,N/A,N/A
ASML,ASML Holding NV,N/A,N/A,N/A,N/A,N/A,N/A,N/A,N/A,N/A,698.25B,N/A,N/A
ABBV,Abbvie Inc,N/A,N/A,N/A,N/A,N/A,N/A,N/A,N/A,N/A,462.26B,N/A,N/A
BAC,Bank Of America Corp,N/A,N/A,N/A,N/A,N/A,N/A,N/A,N/A,N/A,380.62B,N/A,N/A
KO,Coca-Cola Co,N/A,N/A,N/A,N/A,N/A,N/A,N/A,N/A,N/A,370.36B,N/A,N/A
MRK,Merck & Co Inc,N/A,N/A,N/A,N/A,N/A,N/A,N/A,N/A,N/A,358.50B,N/A,N/A
NFLX,Netflix Inc,N/A,N/A,N/A,N/A,N/A,N/A,N/A,N/A,N/A,289.73B,N/A,N/A
CVX,Chevron Corp,N/A,N/A,N/A,N/A,N/A,N/A,N/A,N/A,N/A,403.47B,N/A,N/A
AZN,Astrazeneca plc,N/A,N/A,N/A,N/A,N/A,N/A,N/A,N/A,N/A,250.42B,N/A,N/A
CRM,Salesforce Inc,N/A,N/A,N/A,N/A,N/A,N/A,N/A,N/A,N/A,188.94B,N/A,N/A
SAP,Sap SE ADR,N/A,N/A,N/A,N/A,N/A,N/A,N/A,N/A,N/A,240.63B,N/A,N/A
AMD,Advanced Micro Devices Inc,N/A,N/A,N/A,N/A,N/A,N/A,N/A,N/A,N/A,998.68B,N/A,N/A
TM,Toyota Motor Corp ADR,N/A,N/A,N/A,N/A,N/A,N/A,N/A,N/A,N/A,216.82B,N/A,N/A
ADBE,Adobe Inc,N/A,N/A,N/A,N/A,N/A,N/A,N/A,N/A,N/A,93.38B,N/A,N/A
PEP,PepsiCo Inc,N/A,N/A,N/A,N/A,N/A,N/A,N/A,N/A,N/A,172.96B,N/A,N/A
SHEL,Shell Plc ADR,N/A,N/A,N/A,N/A,N/A,N/A,N/A,N/A,N/A,271.46B,N/A,N/A
NVS,Novartis AG ADR,N/A,N/A,N/A,N/A,N/A,N/A,N/A,N/A,N/A,260.98B,N/A,N/A
TMUS,T-Mobile US Inc,N/A,N/A,N/A,N/A,N/A,N/A,N/A,N/A,N/A,174.93B,N/A,N/A
TMO,Thermo Fisher Scientific Inc,N/A,N/A,N/A,N/A,N/A,N/A,N/A,N/A,N/A,249.60B,N/A,N/A
LIN,Linde Plc,N/A,N/A,N/A,N/A,N/A,N/A,N/A,N/A,N/A,218.80B,N/A,N/A
ACN,Accenture plc,N/A,N/A,N/A,N/A,N/A,N/A,N/A,N/A,N/A,112.21B,N/A,N/A
MCD,McDonald's Corp,N/A,N/A,N/A,N/A,N/A,N/A,N/A,N/A,N/A,163.42B,N/A,N/A
CSCO,Cisco Systems Inc,N/A,N/A,N/A,N/A,N/A,N/A,N/A,N/A,N/A,424.34B,N/A,N/A
ABT,Abbott Laboratories,N/A,N/A,N/A,N/A,N/A,N/A,N/A,N/A,N/A,171.01B,N/A,N/A
DHR,Danaher Corp,N/A,N/A,N/A,N/A,N/A,N/A,N/A,N/A,N/A,155.75B,N/A,N/A
QCOM,Qualcomm Inc,N/A,N/A,N/A,N/A,N/A,N/A,N/A,N/A,N/A,193.29B,N/A,N/A
WFC,Wells Fargo & Co,N/A,N/A,N/A,N/A,N/A,N/A,N/A,N/A,N/A,242.07B,N/A,N/A
TXN,Texas Instruments Inc,N/A,N/A,N/A,N/A,N/A,N/A,N/A,N/A,N/A,255.79B,N/A,N/A
PDD,PDD Holdings Inc ADR,N/A,N/A,N/A,N/A,N/A,N/A,N/A,N/A,N/A,110.94B,N/A,N/A
GE,GE Aerospace,N/A,N/A,N/A,N/A,N/A,N/A,N/A,N/A,N/A,324.02B,N/A,N/A
IBM,International Business Machines Corp,N/A,N/A,N/A,N/A,N/A,N/A,N/A,N/A,N/A,207.20B,N/A,N/A
BABA,Alibaba Group Holding Ltd ADR,N/A,N/A,N/A,N/A,N/A,N/A,N/A,N/A,N/A,267.30B,N/A,N/A
AXP,American Express Co,N/A,N/A,N/A,N/A,N/A,N/A,N/A,N/A,N/A,205.36B,N/A,N/A
AMGN,AMGEN Inc,N/A,N/A,N/A,N/A,N/A,N/A,N/A,N/A,N/A,227.88B,N/A,N/A
VZ,Verizon Communications Inc,N/A,N/A,N/A,N/A,N/A,N/A,N/A,N/A,N/A,190.58B,N/A,N/A
INTU,Intuit Inc,N/A,N/A,N/A,N/A,N/A,N/A,N/A,N/A,N/A,73.68B,N/A,N/A
ISRG,Intuitive Surgical Inc,N/A,N/A,N/A,N/A,N/A,N/A,N/A,N/A,N/A,143.65B,N/A,N/A
BX,Blackstone Inc,N/A,N/A,N/A,N/A,N/A,N/A,N/A,N/A,N/A,139.20B,N/A,N/A
CAT,Caterpillar Inc,N/A,N/A,N/A,N/A,N/A,N/A,N/A,N/A,N/A,372.70B,N/A,N/A
AMAT,Applied Materials Inc,N/A,N/A,N/A,N/A,N/A,N/A,N/A,N/A,N/A,405.83B,N/A,N/A
MS,Morgan Stanley,N/A,N/A,N/A,N/A,N/A,N/A,N/A,N/A,N/A,295.39B,N/A,N/A
DIS,Walt Disney Co,N/A,N/A,N/A,N/A,N/A,N/A,N/A,N/A,N/A,181.13B,N/A,N/A
NEE,NextEra Energy Inc,N/A,N/A,N/A,N/A,N/A,N/A,N/A,N/A,N/A,157.99B,N/A,N/A
TTE,TotalEnergies SE,N/A,N/A,N/A,N/A,N/A,N/A,N/A,N/A,N/A,190.17B,N/A,N/A
GS,Goldman Sachs Group Inc,N/A,N/A,N/A,N/A,N/A,N/A,N/A,N/A,N/A,262.16B,N/A,N/A
RTX,RTX Corp,N/A,N/A,N/A,N/A,N/A,N/A,N/A,N/A,N/A,250.21B,N/A,N/A
SPGI,S&P Global Inc,N/A,N/A,N/A,N/A,N/A,N/A,N/A,N/A,N/A,116.29B,N/A,N/A
UBER,Uber Technologies Inc,N/A,N/A,N/A,N/A,N/A,N/A,N/A,N/A,N/A,139.94B,N/A,N/A
ARM,Arm Holdings Plc ADR,N/A,N/A,N/A,N/A,N/A,N/A,N/A,N/A,N/A,309.36B,N/A,N/A
LOW,Lowe's Cos. Inc,N/A,N/A,N/A,N/A,N/A,N/A,N/A,N/A,N/A,103.40B,N/A,N/A
T,AT&T Inc,N/A,N/A,N/A,N/A,N/A,N/A,N/A,N/A,N/A,167.20B,N/A,N/A
PGR,Progressive Corp,N/A,N/A,N/A,N/A,N/A,N/A,N/A,N/A,N/A,120.47B,N/A,N/A
LMT,Lockheed Martin Corp,N/A,N/A,N/A,N/A,N/A,N/A,N/A,N/A,N/A,117.53B,N/A,N/A
REGN,Regeneron Pharmaceuticals Inc,N/A,N/A,N/A,N/A,N/A,N/A,N/A,N/A,N/A,78.07B,N/A,N/A
BLK,Blackrock Inc,N/A,N/A,N/A,N/A,N/A,N/A,N/A,N/A,N/A,171.95B,N/A,N/A
BKNG,Booking Holdings Inc,N/A,N/A,N/A,N/A,N/A,N/A,N/A,N/A,N/A,122.41B,N/A,N/A
ELV,Elevance Health Inc,N/A,N/A,N/A,N/A,N/A,N/A,N/A,N/A,N/A,84.32B,N/A,N/A
NKE,Nike Inc,N/A,N/A,N/A,N/A,N/A,N/A,N/A,N/A,N/A,52.52B,N/A,N/A
PLD,Prologis Inc,N/A,N/A,N/A,N/A,N/A,N/A,N/A,N/A,N/A,125.85B,N/A,N/A
C,Citigroup Inc,N/A,N/A,N/A,N/A,N/A,N/A,N/A,N/A,N/A,217.19B,N/A,N/A
SCHW,Charles Schwab Corp,N/A,N/A,N/A,N/A,N/A,N/A,N/A,N/A,N/A,169.03B,N/A,N/A
MU,Micron Technology Inc,N/A,N/A,N/A,N/A,N/A,N/A,N/A,N/A,N/A,1202.93B,N/A,N/A
PANW,Palo Alto Networks Inc,N/A,N/A,N/A,N/A,N/A,N/A,N/A,N/A,N/A,325.00B,N/A,N/A
MDT,Medtronic Plc,N/A,N/A,N/A,N/A,N/A,N/A,N/A,N/A,N/A,110.38B,N/A,N/A
CB,Chubb Limited,N/A,N/A,N/A,N/A,N/A,N/A,N/A,N/A,N/A,125.48B,N/A,N/A
LRCX,Lam Research Corp,N/A,N/A,N/A,N/A,N/A,N/A,N/A,N/A,N/A,411.11B,N/A,N/A
ADP,Automatic Data Processing Inc,N/A,N/A,N/A,N/A,N/A,N/A,N/A,N/A,N/A,102.26B,N/A,N/A
KLAC,KLA Corp,N/A,N/A,N/A,N/A,N/A,N/A,N/A,N/A,N/A,254.38B,N/A,N/A
MMC,Marsh,N/A,N/A,N/A,N/A,N/A,N/A,N/A,N/A,N/A,81.47B,N/A,N/A
UPS,United Parcel Service Inc,N/A,N/A,N/A,N/A,N/A,N/A,N/A,N/A,N/A,79.50B,N/A,N/A
BA,Boeing Co,N/A,N/A,N/A,N/A,N/A,N/A,N/A,N/A,N/A,147.05B,N/A,N/A
SBUX,Starbucks Corp,N/A,N/A,N/A,N/A,N/A,N/A,N/A,N/A,N/A,107.11B,N/A,N/A
DE,Deere & Co,N/A,N/A,N/A,N/A,N/A,N/A,N/A,N/A,N/A,181.07B,N/A,N/A
HCA,HCA Healthcare Inc,N/A,N/A,N/A,N/A,N/A,N/A,N/A,N/A,N/A,92.39B,N/A,N/A
CI,Cigna Group,N/A,N/A,N/A,N/A,N/A,N/A,N/A,N/A,N/A,71.83B,N/A,N/A
SHOP,Shopify Inc,N/A,N/A,N/A,N/A,N/A,N/A,N/A,N/A,N/A,190.81B,N/A,N/A
FI,Fiserv Inc,N/A,N/A,N/A,N/A,N/A,N/A,N/A,N/A,N/A,24.03B,N/A,N/A
BMY,Bristol-Myers Squibb Co,N/A,N/A,N/A,N/A,N/A,N/A,N/A,N/A,N/A,127.47B,N/A,N/A
GILD,Gilead Sciences Inc,N/A,N/A,N/A,N/A,N/A,N/A,N/A,N/A,N/A,184.82B,N/A,N/A
ICE,Intercontinental Exchange Inc,N/A,N/A,N/A,N/A,N/A,N/A,N/A,N/A,N/A,85.35B,N/A,N/A
MO,Altria Group Inc,N/A,N/A,N/A,N/A,N/A,N/A,N/A,N/A,N/A,112.44B,N/A,N/A
RACE,Ferrari NV,N/A,N/A,N/A,N/A,N/A,N/A,N/A,N/A,N/A,62.57B,N/A,N/A
CL,Colgate-Palmolive Co,N/A,N/A,N/A,N/A,N/A,N/A,N/A,N/A,N/A,68.01B,N/A,N/A
ZTS,Zoetis Inc,N/A,N/A,N/A,N/A,N/A,N/A,N/A,N/A,N/A,28.86B,N/A,N/A
DELL,Dell Technologies Inc,N/A,N/A,N/A,N/A,N/A,N/A,N/A,N/A,N/A,342.04B,N/A,N/A
EQIX,Equinix Inc,N/A,N/A,N/A,N/A,N/A,N/A,N/A,N/A,N/A,99.81B,N/A,N/A
NOC,Northrop Grumman Corp,N/A,N/A,N/A,N/A,N/A,N/A,N/A,N/A,N/A,68.68B,N/A,N/A
ABNB,Airbnb Inc,N/A,N/A,N/A,N/A,N/A,N/A,N/A,N/A,N/A,96.19B,N/A,N/A
TGT,Target Corp,N/A,N/A,N/A,N/A,N/A,N/A,N/A,N/A,N/A,71.18B,N/A,N/A
PYPL,PayPal Holdings Inc,N/A,N/A,N/A,N/A,N/A,N/A,N/A,N/A,N/A,44.94B,N/A,N/A
MMM,3M Co,N/A,N/A,N/A,N/A,N/A,N/A,N/A,N/A,N/A,84.66B,N/A,N/A
PLTR,Palantir Technologies Inc,N/A,N/A,N/A,N/A,N/A,N/A,N/A,N/A,N/A,449.49B,N/A,N/A
USB,U.S. Bancorp,N/A,N/A,N/A,N/A,N/A,N/A,N/A,N/A,N/A,89.99B,N/A,N/A
SPOT,Spotify Technology SA,N/A,N/A,N/A,N/A,N/A,N/A,N/A,N/A,N/A,100.34B,N/A,N/A
CRWD,Crowdstrike Holdings Inc,N/A,N/A,N/A,N/A,N/A,N/A,N/A,N/A,N/A,271.09B,N/A,N/A
SLB,SLB Ltd,N/A,N/A,N/A,N/A,N/A,N/A,N/A,N/A,N/A,72.31B,N/A,N/A
ADSK,Autodesk Inc,N/A,N/A,N/A,N/A,N/A,N/A,N/A,N/A,N/A,43.68B,N/A,N/A
GM,General Motors Company,N/A,N/A,N/A,N/A,N/A,N/A,N/A,N/A,N/A,67.56B,N/A,N/A
COIN,Coinbase Global Inc,N/A,N/A,N/A,N/A,N/A,N/A,N/A,N/A,N/A,49.18B,N/A,N/A
OXY,Occidental Petroleum Corp,N/A,N/A,N/A,N/A,N/A,N/A,N/A,N/A,N/A,55.30B,N/A,N/A
GEV,GE Vernova Inc,N/A,N/A,N/A,N/A,N/A,N/A,N/A,N/A,N/A,253.15B,N/A,N/A
CHTR,Charter Communications Inc,N/A,N/A,N/A,N/A,N/A,N/A,N/A,N/A,N/A,19.42B,N/A,N/A
MSCI,MSCI Inc,N/A,N/A,N/A,N/A,N/A,N/A,N/A,N/A,N/A,39.16B,N/A,N/A
F,Ford Motor Co,N/A,N/A,N/A,N/A,N/A,N/A,N/A,N/A,N/A,48.09B,N/A,N/A
SE,Sea Ltd ADR,N/A,N/A,N/A,N/A,N/A,N/A,N/A,N/A,N/A,55.20B,N/A,N/A
EW,Edwards Lifesciences Corp,N/A,N/A,N/A,N/A,N/A,N/A,N/A,N/A,N/A,49.75B,N/A,N/A
RCL,Royal Caribbean Group,N/A,N/A,N/A,N/A,N/A,N/A,N/A,N/A,N/A,71.10B,N/A,N/A
XYZ,Block Inc,N/A,N/A,N/A,N/A,N/A,N/A,N/A,N/A,N/A,44.18B,N/A,N/A
SNOW,Snowflake Inc,N/A,N/A,N/A,N/A,N/A,N/A,N/A,N/A,N/A,119.80B,N/A,N/A
JD,JD.com Inc ADR,N/A,N/A,N/A,N/A,N/A,N/A,N/A,N/A,N/A,31.99B,N/A,N/A
SMCI,Super Micro Computer Inc,N/A,N/A,N/A,N/A,N/A,N/A,N/A,N/A,N/A,26.98B,N/A,N/A
EL,Estee Lauder Cos. Inc,N/A,N/A,N/A,N/A,N/A,N/A,N/A,N/A,N/A,33.56B,N/A,N/A
MRNA,Moderna Inc,N/A,N/A,N/A,N/A,N/A,N/A,N/A,N/A,N/A,76.88B,N/A,N/A
MSTR,Strategy Inc,N/A,N/A,N/A,N/A,N/A,N/A,N/A,N/A,N/A,58.82B,N/A,N/A
CCL,Carnival Corp Ltd,N/A,N/A,N/A,N/A,N/A,N/A,N/A,N/A,N/A,33.61B,N/A,N/A
ILMN,Illumina Inc,N/A,N/A,N/A,N/A,N/A,N/A,N/A,N/A,N/A,41.33B,N/A,N/A
CELH,Celsius Holdings Inc,N/A,N/A,N/A,N/A,N/A,N/A,N/A,N/A,N/A,6.92B,N/A,N/A
MARA,MARA Holdings Inc,N/A,N/A,N/A,N/A,N/A,N/A,N/A,N/A,N/A,4.38B,N/A,N/A
VST,Vistra Corp,N/A,N/A,N/A,N/A,N/A,N/A,N/A,N/A,N/A,46.44B,N/A,N/A
OKLO,Oklo Inc,N/A,N/A,N/A,N/A,N/A,N/A,N/A,N/A,N/A,6.89B,N/A,N/A
SMR,NuScale Power Corp,N/A,N/A,N/A,N/A,N/A,N/A,N/A,N/A,N/A,3.39B,N/A,N/A
APO,Apollo Global Management Inc,N/A,N/A,N/A,N/A,N/A,N/A,N/A,N/A,N/A,68.54B,N/A,N/A
WDAY,Workday Inc,N/A,N/A,N/A,N/A,N/A,N/A,N/A,N/A,N/A,45.90B,N/A,N/A
APP,Applovin Corp,N/A,N/A,N/A,N/A,N/A,N/A,N/A,N/A,N/A,97.19B,N/A,N/A
NET,Cloudflare Inc,N/A,N/A,N/A,N/A,N/A,N/A,N/A,N/A,N/A,123.66B,N/A,N/A
MBLY,Mobileye Global Inc,N/A,N/A,N/A,N/A,N/A,N/A,N/A,N/A,N/A,6.28B,N/A,N/A
AFRM,Affirm Holdings Inc,N/A,N/A,N/A,N/A,N/A,N/A,N/A,N/A,N/A,23.36B,N/A,N/A
UPST,Upstart Holdings Inc,N/A,N/A,N/A,N/A,N/A,N/A,N/A,N/A,N/A,2.24B,N/A,N/A
TMDX,Transmedics Group Inc,N/A,N/A,N/A,N/A,N/A,N/A,N/A,N/A,N/A,2.89B,N/A,N/A
QUBT,Quantum Computing Inc,N/A,N/A,N/A,N/A,N/A,N/A,N/A,N/A,N/A,1.91B,N/A,N/A
IONQ,IonQ Inc,N/A,N/A,N/A,N/A,N/A,N/A,N/A,N/A,N/A,17.77B,N/A,N/A
RKLB,Rocket Lab Corp,N/A,N/A,N/A,N/A,N/A,N/A,N/A,N/A,N/A,41.70B,N/A,N/A
SOFI,SoFi Technologies Inc,N/A,N/A,N/A,N/A,N/A,N/A,N/A,N/A,N/A,20.30B,N/A,N/A
NU,Nu Holdings Ltd,N/A,N/A,N/A,N/A,N/A,N/A,N/A,N/A,N/A,61.15B,N/A,N/A
MELI,MercadoLibre Inc,N/A,N/A,N/A,N/A,N/A,N/A,N/A,N/A,N/A,87.63B,N/A,N/A
TXRH,Texas Roadhouse Inc,N/A,N/A,N/A,N/A,N/A,N/A,N/A,N/A,N/A,10.26B,N/A,N/A
BROS,Dutch Bros Inc,N/A,N/A,N/A,N/A,N/A,N/A,N/A,N/A,N/A,6.74B,N/A,N/A
PRMB,Primo Brands Corp,N/A,N/A,N/A,N/A,N/A,N/A,N/A,N/A,N/A,6.90B,N/A,N/A
PM,Philip Morris International Inc,N/A,N/A,N/A,N/A,N/A,N/A,N/A,N/A,N/A,297.41B,N/A,N/A
TDOC,Teladoc Health Inc,N/A,N/A,N/A,N/A,N/A,N/A,N/A,N/A,N/A,1.05B,N/A,N/A
ZM,Zoom Communications Inc,N/A,N/A,N/A,N/A,N/A,N/A,N/A,N/A,N/A,26.49B,N/A,N/A
PINS,Pinterest Inc,N/A,N/A,N/A,N/A,N/A,N/A,N/A,N/A,N/A,10.70B,N/A,N/A
ROKU,Roku Inc,N/A,N/A,N/A,N/A,N/A,N/A,N/A,N/A,N/A,22.61B,N/A,N/A
CRSP,CRISPR Therapeutics AG,N/A,N/A,N/A,N/A,N/A,N/A,N/A,N/A,N/A,5.35B,N/A,N/A
Z,Zillow Group Inc,N/A,N/A,N/A,N/A,N/A,N/A,N/A,N/A,N/A,6.13B,N/A,N/A
FSLY,Fastly Inc,N/A,N/A,N/A,N/A,N/A,N/A,N/A,N/A,N/A,4.09B,N/A,N/A
RDDT,Reddit Inc,N/A,N/A,N/A,N/A,N/A,N/A,N/A,N/A,N/A,27.40B,N/A,N/A
GRAB,Grab Holdings Limited,N/A,N/A,N/A,N/A,N/A,N/A,N/A,N/A,N/A,12.68B,N/A,N/A
GLW,Corning Inc,N/A,N/A,N/A,N/A,N/A,N/A,N/A,N/A,N/A,132.45B,N/A,N/A
NNE,Nano Nuclear Energy Inc,N/A,N/A,N/A,N/A,N/A,N/A,N/A,N/A,N/A,851.11M,N/A,N/A
ZS,Zscaler Inc,N/A,N/A,N/A,N/A,N/A,N/A,N/A,N/A,N/A,32.52B,N/A,N/A
TWLO,Twilio Inc,N/A,N/A,N/A,N/A,N/A,N/A,N/A,N/A,N/A,44.91B,N/A,N/A
FSLR,First Solar Inc,N/A,N/A,N/A,N/A,N/A,N/A,N/A,N/A,N/A,18.82B,N/A,N/A
NBIS,Nebius Group NV,N/A,N/A,N/A,N/A,N/A,N/A,N/A,N/A,N/A,64.13B,N/A,N/A
PENN,PENN Entertainment Inc,N/A,N/A,N/A,N/A,N/A,N/A,N/A,N/A,N/A,1.96B,N/A,N/A
DKNG,DraftKings Inc,N/A,N/A,N/A,N/A,N/A,N/A,N/A,N/A,N/A,16.90B,N/A,N/A
LMND,Lemonade Inc,N/A,N/A,N/A,N/A,N/A,N/A,N/A,N/A,N/A,3.49B,N/A,N/A
DDOG,Datadog Inc,N/A,N/A,N/A,N/A,N/A,N/A,N/A,N/A,N/A,98.33B,N/A,N/A
CRWV,CoreWeave Inc,N/A,N/A,N/A,N/A,N/A,N/A,N/A,N/A,N/A,48.05B,N/A,N/A
CRCL,Circle Internet Group Inc,N/A,N/A,N/A,N/A,N/A,N/A,N/A,N/A,N/A,20.96B,N/A,N/A
LEU,Centrus Energy Corp,N/A,N/A,N/A,N/A,N/A,N/A,N/A,N/A,N/A,2.85B,N/A,N/A
ASPI,ASP Isotopes Inc,N/A,N/A,N/A,N/A,N/A,N/A,N/A,N/A,N/A,406.27M,N/A,N/A
APLD,Applied Digital Corp,N/A,N/A,N/A,N/A,N/A,N/A,N/A,N/A,N/A,7.29B,N/A,N/A
ALAB,Astera Labs Inc,N/A,N/A,N/A,N/A,N/A,N/A,N/A,N/A,N/A,61.76B,N/A,N/A
VRT,Vertiv Holdings Co,N/A,N/A,N/A,N/A,N/A,N/A,N/A,N/A,N/A,92.90B,N/A,N/A
RGTI,Rigetti Computing Inc,N/A,N/A,N/A,N/A,N/A,N/A,N/A,N/A,N/A,5.25B,N/A,N/A
HIMS,Hims & Hers Health Inc,N/A,N/A,N/A,N/A,N/A,N/A,N/A,N/A,N/A,6.95B,N/A,N/A
AI,C3.ai Inc,N/A,N/A,N/A,N/A,N/A,N/A,N/A,N/A,N/A,1.77B,N/A,N/A
GRAB,Grab Holdings Limited,N/A,N/A,N/A,N/A,N/A,N/A,N/A,N/A,N/A,12.68B,N/A,N/A
S,SentinelOne Inc,N/A,N/A,N/A,N/A,N/A,N/A,N/A,N/A,N/A,8.27B,N/A,N/A
OSCR,Oscar Health Inc,N/A,N/A,N/A,N/A,N/A,N/A,N/A,N/A,N/A,9.52B,N/A,N/A
IBIT,iShares Bitcoin Trust ETF,N/A,N/A,N/A,N/A,N/A,N/A,N/A,N/A,N/A,Blackrock (iShares),N/A,N/A
IREN,IREN Ltd,N/A,N/A,N/A,N/A,N/A,N/A,N/A,N/A,N/A,16.09B,N/A,N/A
ETHA,iShares Ethereum Trust ETF,N/A,N/A,N/A,N/A,N/A,N/A,N/A,N/A,N/A,Blackrock (iShares),N/A,N/A
CMG,Chipotle Mexican Grill,N/A,N/A,N/A,N/A,N/A,N/A,N/A,N/A,N/A,40.43B,N/A,N/A
WDC,Western Digital Corp,N/A,N/A,N/A,N/A,N/A,N/A,N/A,N/A,N/A,163.85B,N/A,N/A
ONDS,Ondas Inc,N/A,N/A,N/A,N/A,N/A,N/A,N/A,N/A,N/A,4.27B,N/A,N/A
AVAV,AeroVironment Inc,N/A,N/A,N/A,N/A,N/A,N/A,N/A,N/A,N/A,7.23B,N/A,N/A
UMAC,Unusual Machines Inc,N/A,N/A,N/A,N/A,N/A,N/A,N/A,N/A,N/A,1.22B,N/A,N/A
FLNC,Fluence Energy Inc,N/A,N/A,N/A,N/A,N/A,N/A,N/A,N/A,N/A,1.42B,N/A,N/A
SNDK,Sandisk Corp,N/A,N/A,N/A,N/A,N/A,N/A,N/A,N/A,N/A,254.75B,N/A,N/A
